,after,before
F41,0,0
M54,0,0
F43,0,0
G25,0,0
F88,0,0
F23,0,0
M79,0,0
T39,0,0
G47,0,0
T14,0,0
F22,0,0
F20,0,0
V89,0,0
F03,0,0
F13,0,0
F29,0,0
T18,0,0
F60,0,0
R10,0,0
M86,0,0
R19,0,0
F14,0,0
R78,0,0
F25,0,0
Y08,0,0
R55,0,0
M62,0,0
Y09,0,0
X78,0,0
S09,0,0
Z59,0,0
L03,0,0
Z13,0,0
I10,0,0
Z78,0,0
F31,0,0
F32,0,0
F33,0,0
S41,0,0
Z91,0,0
F12,0,0
F39,0,0
F10,0,0
F11,0,0
F16,0,0
Z76,0,0
F30,0,0
T48,0,0
R05,0,0
W19,0,0
R07,0,0
T43,0,0
T42,0,0
R45,0,0
R44,0,0
I96,0,0
R41,0,0
I48,0,0
R42,0,0
K92,0,0
R25,0,0
J06,0,0
